ObjectID,gponOntOntsideAggGemIntervalReceiveBlocksCounter64,gponOntOntsideAggGemIntervalReceiveFrags,gponOntOntsideAggGemIntervalTransmitBlocksCounter64,gponOntOntsideAggGemIntervalTransmitFrags
R1.S1.LT4.PON3.ONT6,1149114,60290,453379,227203
R1.S1.LT5.PON4.ONT6,585,237,2349,859
R1.S1.LT2.PON1.ONT3,1249487,47464,40146,14028
R1.S1.LT4.PON3.ONT3,4599233,157184,123168,69041
R1.S1.LT5.PON4.ONT3,6388746,528694,9947954,474058
R1.S1.LT6.PON5.ONT3,8062943,424296,5178538,308639
R1.S1.LT2.PON1.ONT4,2017,1279,589,166
R1.S1.LT2.PON4.ONT9,0,0,0,0
R1.S1.LT4.PON3.ONT4,1440113,55913,75204,20221
R1.S1.LT5.PON4.ONT4,232,104,1165,370
R1.S1.LT6.PON6.ONT3,3021239,122591,242115,74028
R1.S1.LT2.PON2.ONT4,6461025,233142,276337,93879
R1.S1.LT6.PON6.ONT4,3909,653,6669,1092
R1.S1.LT3.PON8.ONT4,144,99,302,71
R1.S1.LT4.PON1.ONT4,3662730,133818,212908,83151
R1.S1.LT4.PON2.ONT3,1700976,86353,589055,65962
R1.S1.LT4.PON2.ONT4,5270201,201948,213387,75387
R1.S1.LT4.PON3.ONT7,8226314,292163,176512,73404
R1.S1.LT5.PON4.ONT7,630,407,1039,432
R1.S1.LT6.PON5.ONT7,1723,225,3443,244
R1.S1.LT6.PON5.ONT8,20783669,743916,533574,215722
R1.S1.LT2.PON2.ONT7,28877609,1047337,3800889,718913
R1.S1.LT4.PON3.ONT8,81163,3650,8396,2197
R1.S1.LT5.PON4.ONT8,216,82,1552,533
R1.S1.LT6.PON6.ONT7,64774108,2139554,3723762,1433824
R1.S1.LT6.PON5.ONT5,137365,5511,10969,2729
R1.S1.LT2.PON1.ONT5,1097664,51854,104817,28863
R1.S1.LT4.PON3.ONT5,78920,5181,16386,4659
R1.S1.LT5.PON4.ONT5,185,71,1303,427
R1.S1.LT6.PON6.ONT8,2146,494,4396,675
R1.S1.LT3.PON8.ONT8,2969791,105345,93995,35975
R1.S1.LT3.PON9.ONT3,5665843,197757,223597,100505
R1.S1.LT4.PON1.ONT8,2908441,124573,217726,46759
R1.S1.LT4.PON2.ONT7,3096019,120528,95359,31784
R1.S1.LT3.PON8.ONT5,0,0,0,0
R1.S1.LT3.PON7.ONT6,17937252,713943,2440606,472093
R1.S1.LT3.PON9.ONT4,5449402,197046,169988,87642
R1.S1.LT4.PON1.ONT5,26672602,1228246,4521915,774350
R1.S1.LT4.PON2.ONT8,2856,415,3386,920
R1.S1.LT6.PON8.ONT4,314018,11266,10177,1884
R1.S1.LT2.PON4.ONT1,8267620,307586,366726,125013
R1.S1.LT3.PON8.ONT6,1448055,58534,88246,32735
R1.S1.LT4.PON1.ONT6,3066704,114545,187881,64412
R1.S1.LT4.PON2.ONT5,12310230,437456,473723,188064
R1.S1.LT3.PON7.ONT4,7884,3485,482,137
R1.S1.LT2.PON1.ONT9,10550052,382207,549884,124852
R1.S1.LT2.PON4.ONT2,1595202,58758,68542,29203
R1.S1.LT3.PON8.ONT3,3291373,120636,158775,68715
R1.S1.LT4.PON1.ONT3,5812469,203081,200187,83538
R1.S1.LT4.PON2.ONT6,2929881,134559,292512,66587
R1.S1.LT4.PON3.ONT9,234,84,1108,242
R1.S1.LT5.PON4.ONT9,3655089,150324,121668,37991
R1.S1.LT6.PON5.ONT9,3636077,152294,243849,53025
R1.S1.LT5.PON4.ONT2,1333,403,2666,976
R1.S1.LT2.PON1.ONT2,6577822,240246,291023,111325
R1.S1.LT2.PON2.ONT1,4349,540,4904,502
R1.S1.LT3.PON7.ONT9,18702054,699470,598484,321548
R1.S1.LT3.PON9.ONT7,169,59,1199,263
R1.S1.LT4.PON3.ONT2,386,194,1478,608
R1.S1.LT6.PON7.ONT8,4317,451,4972,410
R1.S1.LT6.PON8.ONT7,1691708,65508,94036,34335
R1.S1.LT6.PON9.ONT6,2795184,98770,84461,28902
R1.S1.LT7.PON9.ONT3,1032711,38353,168740,13101
R1.S1.LT2.PON2.ONT2,4943346,191039,165641,43279
R1.S1.LT3.PON8.ONT9,243,102,1413,457
R1.S1.LT3.PON9.ONT8,302,110,1207,335
R1.S1.LT4.PON1.ONT9,3557602,128478,72156,24714
R1.S1.LT6.PON6.ONT2,5605989,322967,868392,232190
R1.S1.LT6.PON8.ONT8,4460519,383157,9038995,375431
R1.S1.LT6.PON9.ONT3,9106711,313813,480600,201888
R1.S1.LT3.PON7.ONT7,1747891,96527,534010,73554
R1.S1.LT3.PON9.ONT5,254,98,1146,217
R1.S1.LT4.PON2.ONT9,95,65,333,128
R1.S1.LT6.PON7.ONT6,13113751,505828,1156078,187160
R1.S1.LT6.PON8.ONT5,574063,22298,52889,16857
R1.S1.LT6.PON9.ONT4,779301,27471,44230,17606
R1.S1.LT3.PON7.ONT8,68733281,2648162,7243463,1311077
R1.S1.LT3.PON8.ONT7,1673786,63314,92901,32646
R1.S1.LT3.PON9.ONT6,1403392,104265,3096709,150658
R1.S1.LT4.PON1.ONT7,14502622,541402,841027,280672
R1.S1.LT6.PON8.ONT6,1668,202,3754,260
R1.S1.LT2.PON4.ONT3,55,36,308,70
R1.S1.LT2.PON4.ONT4,51070166,1813555,682659,283897
R1.S1.LT2.PON4.ONT7,160,67,1259,353
R1.S1.LT2.PON4.ONT8,6019,531,3509,1058
R1.S1.LT2.PON4.ONT5,32017,5659,52871,7641
R1.S1.LT2.PON4.ONT6,231,103,1350,387
R1.S1.LT7.PON9.ONT7,2165,389,4141,948
R1.S1.LT6.PON7.ONT9,5974879,229885,158906,58738
R1.S1.LT6.PON9.ONT7,2221677,79454,120936,52707
R1.S1.LT7.PON9.ONT8,8920072,326457,621248,159465
R1.S1.LT6.PON9.ONT8,1247,166,3112,220
R1.S1.LT7.PON9.ONT5,2355842,83666,105790,41609
R1.S1.LT2.PON1.ONT1,0,0,0,0
R1.S1.LT4.PON3.ONT1,354,160,2004,681
R1.S1.LT5.PON4.ONT1,14386,1748,20199,2700
R1.S1.LT6.PON5.ONT1,17231,1522,8137,1694
R1.S1.LT6.PON7.ONT7,11728505,440463,348300,113312
R1.S1.LT6.PON9.ONT5,10246,5112,3797,296
R1.S1.LT7.PON9.ONT6,282,174,0,0
R1.S1.LT3.PON7.ONT1,9031,4845,298,69
R1.S1.LT3.PON8.ONT1,123,85,352,139
R1.S1.LT4.PON1.ONT1,6960713,237725,225747,123809
R1.S1.LT3.PON8.ONT2,3560282,128152,232296,92774
R1.S1.LT4.PON1.ONT2,30179908,1228230,7048513,606047
R1.S1.LT4.PON2.ONT1,9960926,364080,474018,195539
R1.S1.LT4.PON2.ONT2,0,0,0,0
R1.S1.LT6.PON9.ONT9,9385590,362958,484157,148445
R1.S1.LT6.PON9.ONT2,5533715,199158,362796,103034
R1.S1.LT6.PON7.ONT1,2914144,100542,170666,66067
R1.S1.LT3.PON9.ONT1,5240913,196054,263383,92776
R1.S1.LT6.PON7.ONT2,2396040,91183,1031868,57926
R1.S1.LT6.PON8.ONT1,6264117,256206,518682,76996
R1.S1.LT3.PON9.ONT2,10160952,363201,341923,172503
R1.S1.LT6.PON8.ONT2,8358579,293934,296032,126726
R1.S1.LT6.PON9.ONT1,19736799,669590,682736,225255
R1.S1.LT7.PON9.ONT2,206651,9557,38761,5742
R1.S1.LT2.PON4.ONT25,168,58,1128,308
R1.S1.LT3.PON8.ONT22,30643095,1097060,1129078,521340
R1.S1.LT4.PON1.ONT22,3444659,123020,131388,50753
R1.S1.LT4.PON2.ONT21,52551813,1970315,2814233,919231
R1.S1.LT7.PON9.ONT29,5132458,195044,423257,53614
R1.S1.LT3.PON7.ONT20,2304471,84675,120895,51412
R1.S1.LT4.PON2.ONT22,13581569,470190,125321,53856
R1.S1.LT6.PON9.ONT29,16646360,597099,322174,139832
R1.S1.LT3.PON8.ONT20,372,195,1135,359
R1.S1.LT4.PON1.ONT20,7782776,316405,571102,148367
R1.S1.LT7.PON9.ONT27,14190911,539193,614760,244446
R1.S1.LT2.PON1.ONT23,3032714,104783,99628,45811
R1.S1.LT4.PON2.ONT20,0,0,0,0
R1.S1.LT5.PON4.ONT23,212,97,1313,403
R1.S1.LT6.PON7.ONT29,5016710,193877,132808,46173
R1.S1.LT6.PON9.ONT27,3299620,125366,87323,31043
R1.S1.LT7.PON9.ONT28,1893,477,2819,599
R1.S1.LT3.PON7.ONT23,17604018,656694,448880,165520
R1.S1.LT6.PON8.ONT21,9877368,363001,677974,245635
R1.S1.LT6.PON9.ONT20,1265569,44070,53347,21671
R1.S1.LT3.PON7.ONT24,768514,56894,112506,34661
R1.S1.LT3.PON8.ONT23,482,223,1982,736
R1.S1.LT4.PON1.ONT23,247,105,1513,512
R1.S1.LT6.PON8.ONT22,4627202,173129,158622,62797
R1.S1.LT3.PON7.ONT21,35123065,1283305,714277,303388
R1.S1.LT6.PON7.ONT20,19166285,659070,421006,175825
R1.S1.LT3.PON8.ONT24,10425701,377407,279265,104148
R1.S1.LT4.PON1.ONT24,15545865,603963,648062,212493
R1.S1.LT4.PON2.ONT23,1157257,45085,115034,33102
R1.S1.LT3.PON7.ONT22,1919370,103922,269592,86984
R1.S1.LT3.PON8.ONT21,192,75,1103,366
R1.S1.LT4.PON1.ONT21,2119,225,4385,1019
R1.S1.LT6.PON8.ONT20,5233903,207070,1038166,126554
R1.S1.LT4.PON2.ONT24,1440257,52854,51749,17773
R1.S1.LT6.PON9.ONT24,2811593,352809,9286998,375678
R1.S1.LT6.PON7.ONT23,6034265,217561,191639,88338
R1.S1.LT6.PON9.ONT21,32990110,1140714,894695,434403
R1.S1.LT7.PON9.ONT22,68008,5121,18442,4371
R1.S1.LT6.PON7.ONT24,3966208,146644,146990,33275
R1.S1.LT6.PON8.ONT23,3304,430,7910,2729
R1.S1.LT6.PON9.ONT22,2758405,100606,117369,53206
R1.S1.LT6.PON7.ONT21,1957,218,4043,259
R1.S1.LT6.PON8.ONT24,2952828,100928,141041,67539
R1.S1.LT7.PON9.ONT23,1049717,63197,1031454,63841
R1.S1.LT6.PON9.ONT23,1750,221,3873,966
R1.S1.LT2.PON1.ONT28,5230941,212847,827871,120665
R1.S1.LT2.PON2.ONT27,4014216,204165,3745971,213420
R1.S1.LT5.PON4.ONT28,152,76,1515,499
R1.S1.LT6.PON5.ONT28,947912,35038,54392,17642
R1.S1.LT6.PON6.ONT27,147619,6460,14951,4675
R1.S1.LT2.PON1.ONT25,7820072,306954,1001502,167733
R1.S1.LT2.PON2.ONT28,192,90,1372,379
R1.S1.LT5.PON4.ONT25,6314064,314155,714065,164393
R1.S1.LT6.PON6.ONT28,7800101,391833,420758,162171
R1.S1.LT2.PON1.ONT26,2401,1231,2406,179
R1.S1.LT2.PON2.ONT25,6118176,212005,114747,52638
R1.S1.LT5.PON4.ONT26,216,100,1349,444
R1.S1.LT6.PON5.ONT26,9369,1331,10929,1428
R1.S1.LT6.PON6.ONT25,7181570,357261,2771983,177464
R1.S1.LT2.PON2.ONT26,2053,228,4135,887
R1.S1.LT6.PON6.ONT26,18726698,702208,1091246,314498
R1.S1.LT2.PON4.ONT21,2196831,83603,105959,29997
R1.S1.LT3.PON8.ONT26,176,71,1354,450
R1.S1.LT4.PON1.ONT26,118922,5199,10365,2834
R1.S1.LT4.PON2.ONT25,2711234,111739,195219,65656
R1.S1.LT2.PON4.ONT22,329019,16005,135279,13212
R1.S1.LT4.PON2.ONT26,385,211,1190,314
R1.S1.LT5.PON4.ONT29,7538680,273622,485642,170899
R1.S1.LT6.PON5.ONT29,1362,311,2761,736
R1.S1.LT2.PON2.ONT29,202,82,1206,346
R1.S1.LT6.PON6.ONT29,1727319,74346,174467,34837
R1.S1.LT2.PON1.ONT27,6353710,234572,263496,87906
R1.S1.LT2.PON4.ONT20,152,68,1367,375
R1.S1.LT5.PON4.ONT27,261,93,1364,452
R1.S1.LT6.PON5.ONT27,2601200,91777,118017,54300
R1.S1.LT5.PON4.ONT20,5565319,203072,233344,93462
R1.S1.LT6.PON5.ONT20,1218798,44208,56598,20867
R1.S1.LT2.PON1.ONT20,5598,1571,6249,516
R1.S1.LT3.PON7.ONT27,6483503,251921,369249,155558
R1.S1.LT4.PON2.ONT29,276774,26973,56232,24996
R1.S1.LT4.PON3.ONT20,224,105,1356,380
R1.S1.LT6.PON7.ONT26,103262459,3633978,8988299,2490867
R1.S1.LT6.PON8.ONT25,40161,2496,12771,2814
R1.S1.LT3.PON7.ONT28,35816394,1304738,1339092,557946
R1.S1.LT3.PON8.ONT27,208,101,1435,466
R1.S1.LT4.PON1.ONT27,9684802,367424,762637,211719
R1.S1.LT6.PON8.ONT26,25446539,1060767,1561954,756826
R1.S1.LT2.PON4.ONT23,412123,15525,14599,4069
R1.S1.LT3.PON7.ONT25,0,0,0,0
R1.S1.LT3.PON8.ONT28,892706,54428,3078436,133101
R1.S1.LT4.PON1.ONT28,235,77,1096,322
R1.S1.LT4.PON2.ONT27,1077708,39965,26869,11183
R1.S1.LT2.PON4.ONT24,19011,8651,33225,14883
R1.S1.LT3.PON7.ONT26,20976289,812735,1092101,470903
R1.S1.LT3.PON8.ONT25,276,114,1068,352
R1.S1.LT4.PON1.ONT25,49837,2284,6251,1647
R1.S1.LT4.PON2.ONT28,2038452,82491,151101,46963
R1.S1.LT2.PON1.ONT24,2539779,98651,212792,69307
R1.S1.LT5.PON4.ONT24,18722084,671295,535920,258414
R1.S1.LT2.PON2.ONT23,8769942,313776,297071,142874
R1.S1.LT6.PON5.ONT24,33657477,1447060,8142176,988051
R1.S1.LT6.PON6.ONT23,8949914,348537,568590,173585
R1.S1.LT6.PON8.ONT29,9538519,535153,2186858,274922
R1.S1.LT6.PON9.ONT28,2257,260,4350,1041
R1.S1.LT7.PON9.ONT25,1269361,49371,74168,24022
R1.S1.LT6.PON5.ONT21,13373204,477681,564380,203406
R1.S1.LT5.PON4.ONT21,533,114,2092,779
R1.S1.LT2.PON1.ONT21,4349873,153009,153405,51643
R1.S1.LT4.PON3.ONT21,2367,326,5648,1629
R1.S1.LT6.PON6.ONT24,19461384,714544,1186002,447059
R1.S1.LT6.PON7.ONT27,5055871,208938,1002238,121011
R1.S1.LT6.PON9.ONT25,1133,276,2833,729
R1.S1.LT7.PON9.ONT26,119580,5511,11149,2862
R1.S1.LT5.PON4.ONT22,1565,372,3085,943
R1.S1.LT2.PON1.ONT22,3800,1458,3992,256
R1.S1.LT2.PON2.ONT21,18135675,713042,3222489,460953
R1.S1.LT3.PON7.ONT29,8900,3444,3554,916
R1.S1.LT6.PON7.ONT28,7056687,354305,4185290,279420
R1.S1.LT6.PON8.ONT27,3830012,264598,8148450,349103
R1.S1.LT4.PON3.ONT22,185597,8703,25866,5488
R1.S1.LT6.PON5.ONT22,37062,4348,14522,4361
R1.S1.LT6.PON9.ONT26,6474023,222971,153611,76232
R1.S1.LT6.PON6.ONT21,964968,33501,38083,17617
R1.S1.LT2.PON2.ONT22,1829,219,3746,888
R1.S1.LT3.PON8.ONT29,11913266,419398,498336,232774
R1.S1.LT4.PON1.ONT29,16877674,614385,810671,305164
R1.S1.LT6.PON6.ONT22,2116,292,4854,1316
R1.S1.LT6.PON7.ONT25,464878,17543,33557,6850
R1.S1.LT6.PON8.ONT28,2102,224,4098,941
R1.S1.LT3.PON7.ONT30,9467,3572,4886,1277
R1.S1.LT3.PON8.ONT33,586,132,2147,785
R1.S1.LT3.PON7.ONT31,21713811,794156,1288257,382847
R1.S1.LT3.PON8.ONT30,10818,773,4420,1311
R1.S1.LT4.PON1.ONT30,214,76,1212,380
R1.S1.LT3.PON8.ONT31,215,92,1360,446
R1.S1.LT4.PON1.ONT31,21964659,789018,620379,217586
R1.S1.LT5.PON4.ONT34,399,208,1146,355
R1.S1.LT6.PON5.ONT34,998011,37865,33761,10838
R1.S1.LT6.PON9.ONT38,20178,1353,8129,1885
R1.S1.LT6.PON7.ONT33,3488863,205647,8283368,421170
R1.S1.LT6.PON8.ONT32,26935193,1010901,938531,357909
R1.S1.LT6.PON9.ONT31,6592105,217497,107654,56711
R1.S1.LT3.PON7.ONT35,7935,3354,315,152
R1.S1.LT3.PON8.ONT34,409,195,2123,789
R1.S1.LT6.PON7.ONT30,2302,250,4356,930
R1.S1.LT6.PON8.ONT33,1890,231,4169,1060
R1.S1.LT3.PON7.ONT32,11093,3824,5092,1436
R1.S1.LT3.PON8.ONT35,2119717,79119,84713,24328
R1.S1.LT6.PON7.ONT31,1078739,40970,71177,26282
R1.S1.LT3.PON7.ONT33,10743064,408636,721060,305177
R1.S1.LT3.PON8.ONT32,184,85,1432,485
R1.S1.LT4.PON1.ONT32,763990,29248,43807,13381
R1.S1.LT6.PON8.ONT31,1241,181,2735,662
R1.S1.LT2.PON14.ONT4,4440,1337,6293,1496
R1.S1.LT6.PON9.ONT35,11924570,406360,176428,92680
R1.S1.LT7.PON9.ONT32,67,45,334,165
R1.S1.LT7.PON9.ONT33,10894,921,6905,1591
R1.S1.LT6.PON7.ONT35,4288435,147160,84917,25334
R1.S1.LT6.PON8.ONT34,1938,491,3719,954
R1.S1.LT6.PON9.ONT33,2155316,76592,76960,29218
R1.S1.LT7.PON9.ONT30,3992620,161814,217028,63950
R1.S1.LT6.PON7.ONT32,12948535,461584,276360,114131
R1.S1.LT6.PON8.ONT35,31105716,1105878,1829153,556953
R1.S1.LT6.PON9.ONT30,21763325,752145,857055,370007
R1.S1.LT7.PON9.ONT31,10826404,435824,3656168,223769
R1.S1.LT2.PON14.ONT8,92,63,311,117
R1.S1.LT2.PON16.ONT6,218945,8422,13250,5071
R1.S1.LT2.PON16.ONT3,3693279,145802,47041,13979
R1.S1.LT2.PON14.ONT6,52325,6857,39419,6845
R1.S1.LT2.PON16.ONT4,3150436,112438,124213,54552
R1.S1.LT7.PON9.ONT34,11607460,503091,5145090,390732
R1.S1.LT6.PON9.ONT34,4840407,180019,91655,32856
R1.S1.LT7.PON9.ONT35,0,0,0,0
R1.S1.LT2.PON1.ONT39,1683,1168,1005,326
R1.S1.LT6.PON6.ONT38,4394303,151255,216442,101520
R1.S1.LT2.PON1.ONT36,743984,40585,86057,38510
R1.S1.LT5.PON4.ONT36,218681,19146,65920,16901
R1.S1.LT6.PON5.ONT36,2097,302,3992,1269
R1.S1.LT6.PON6.ONT39,2124,828,3317,868
R1.S1.LT2.PON1.ONT37,11492287,413626,304349,123017
R1.S1.LT5.PON4.ONT37,828591,29228,25490,12858
R1.S1.LT6.PON5.ONT37,136511,14858,52020,18081
R1.S1.LT6.PON6.ONT36,32618817,1199236,2979688,614186
R1.S1.LT6.PON6.ONT37,1841,221,3849,869
R1.S1.LT3.PON8.ONT37,196,71,1269,414
R1.S1.LT2.PON1.ONT38,3224,1311,3549,806
R1.S1.LT5.PON4.ONT38,496878,19358,33870,13572
R1.S1.LT6.PON5.ONT38,6324036,239259,230915,80294
R1.S1.LT2.PON1.ONT31,2185372,90104,310403,55435
R1.S1.LT5.PON4.ONT31,158,73,1291,401
R1.S1.LT2.PON2.ONT30,34325035,1418867,3250568,719614
R1.S1.LT3.PON7.ONT38,2196700,81568,17064,4472
R1.S1.LT6.PON5.ONT31,3070,321,6015,1440
R1.S1.LT6.PON6.ONT30,3657,2583,301,146
R1.S1.LT6.PON7.ONT37,1279971,55091,99186,21529
R1.S1.LT6.PON8.ONT36,1460231,58505,65471,19669
R1.S1.LT2.PON2.ONT31,65974871,2477449,3862601,1147404
R1.S1.LT3.PON7.ONT39,8826109,328069,343584,109201
R1.S1.LT3.PON8.ONT38,60064,8548,201785,13480
R1.S1.LT6.PON6.ONT31,359322,15529,21852,7317
R1.S1.LT6.PON8.ONT37,3333461,120651,104159,41373
R1.S1.LT3.PON7.ONT36,8965,3481,4330,1277
R1.S1.LT3.PON8.ONT39,4981336,197600,220828,80772
R1.S1.LT3.PON7.ONT37,8956,3548,4422,1310
R1.S1.LT3.PON8.ONT36,3650346,130403,83331,36315
R1.S1.LT2.PON1.ONT35,148949,7064,12810,4324
R1.S1.LT5.PON4.ONT35,4461202,181388,206829,50122
R1.S1.LT6.PON5.ONT35,646407,34459,81570,19409
R1.S1.LT6.PON9.ONT39,943181,44602,113237,27835
R1.S1.LT7.PON9.ONT36,5631386,211089,336127,100503
R1.S1.LT5.PON4.ONT32,216,101,1272,430
R1.S1.LT6.PON5.ONT32,1588131,67137,73738,13629
R1.S1.LT6.PON6.ONT35,6655218,336119,2094907,213671
R1.S1.LT6.PON7.ONT38,47426398,1741367,3446392,925025
R1.S1.LT6.PON9.ONT36,171,75,1461,466
R1.S1.LT7.PON9.ONT37,236,139,298,69
R1.S1.LT2.PON2.ONT32,2147057,88385,106484,27184
R1.S1.LT5.PON4.ONT33,3466032,126585,149176,58383
R1.S1.LT6.PON5.ONT33,15053362,573230,604231,207375
R1.S1.LT6.PON6.ONT32,131953,6589,28771,5551
R1.S1.LT6.PON7.ONT39,6617347,249516,316420,120472
R1.S1.LT6.PON8.ONT38,5231769,179398,340857,147870
R1.S1.LT5.PON4.ONT30,339,158,927,316
R1.S1.LT6.PON7.ONT36,2852654,112244,179431,49957
R1.S1.LT8.PON15.ONT9,4126621,233121,778139,147088
R1.S1.LT8.PON16.ONT1,821467,31743,42731,10627
R1.S1.LT8.PON16.ONT2,7987097,277321,210410,111985
R1.S1.LT8.PON15.ONT1,6176,773,3108,652
R1.S1.LT8.PON15.ONT6,794165,29484,28003,7049
R1.S1.LT8.PON15.ONT3,2024385,73280,164534,51060
R1.S1.LT8.PON15.ONT4,502,196,2113,817
R1.S1.LT8.PON15.ONT7,2441,244,4770,958
R1.S1.LT8.PON16.ONT3,179,88,1478,256
R1.S1.LT8.PON15.ONT5,415003,225334,4810929,288664
R1.S1.LT2.PON4.ONT14,246,107,1217,307
R1.S1.LT2.PON4.ONT15,11565990,411566,375602,176657
R1.S1.LT2.PON4.ONT18,0,0,0,0
R1.S1.LT2.PON4.ONT19,196,81,1575,447
R1.S1.LT2.PON4.ONT16,6336407,227066,258599,116511
R1.S1.LT2.PON4.ONT17,256,99,1350,421
R1.S1.LT3.PON8.ONT11,5365285,203179,184845,68604
R1.S1.LT4.PON2.ONT10,421,182,2091,776
R1.S1.LT7.PON9.ONT18,2226399,84938,76920,20357
R1.S1.LT4.PON2.ONT11,32411463,1297380,5457043,1012246
R1.S1.LT6.PON9.ONT18,27790,2716,14372,3383
R1.S1.LT7.PON9.ONT19,31012227,1180830,2152158,305566
R1.S1.LT7.PON9.ONT16,13436447,587812,813342,261428
R1.S1.LT2.PON1.ONT12,17831926,656066,881214,252288
R1.S1.LT4.PON3.ONT12,28906,2072,6403,2473
R1.S1.LT5.PON4.ONT12,54472579,1898768,2188105,796767
R1.S1.LT6.PON7.ONT18,4517332,171745,179959,42102
R1.S1.LT3.PON7.ONT13,9551295,339460,314712,165986
R1.S1.LT3.PON8.ONT12,10306537,425354,2276797,259833
R1.S1.LT4.PON1.ONT12,245044,9866,19848,7691
R1.S1.LT6.PON8.ONT11,7258931,279146,173598,58586
R1.S1.LT3.PON7.ONT10,1708659,68724,86334,34526
R1.S1.LT3.PON8.ONT13,6172382,237480,352791,125542
R1.S1.LT4.PON1.ONT13,8530333,291124,125979,63978
R1.S1.LT4.PON2.ONT12,3227973,131922,205728,106616
R1.S1.LT3.PON7.ONT11,4355443,249308,3927719,219393
R1.S1.LT3.PON8.ONT10,18073189,656590,270228,110234
R1.S1.LT4.PON1.ONT10,352380,25375,59711,25532
R1.S1.LT4.PON2.ONT13,6712,789,3665,1347
R1.S1.LT7.PON9.ONT10,1078119,39478,43993,12734
R1.S1.LT7.PON9.ONT11,897461,33767,97992,10937
R1.S1.LT6.PON7.ONT13,0,0,0,0
R1.S1.LT6.PON8.ONT12,57538,2482,6887,1383
R1.S1.LT6.PON9.ONT11,1360891,49790,61768,20440
R1.S1.LT6.PON7.ONT10,302348,20446,73599,17878
R1.S1.LT6.PON8.ONT13,497307,17855,37186,12408
R1.S1.LT7.PON9.ONT12,1243672,48792,88316,33537
R1.S1.LT6.PON9.ONT12,15465195,529959,512987,244118
R1.S1.LT7.PON9.ONT13,1558691,58348,99238,29376
R1.S1.LT2.PON1.ONT17,18938,2677,10901,1606
R1.S1.LT2.PON2.ONT16,7649,966,7323,1698
R1.S1.LT4.PON3.ONT17,351,162,1281,388
R1.S1.LT5.PON4.ONT17,81,55,314,118
R1.S1.LT2.PON1.ONT14,14296754,592334,5311156,405999
R1.S1.LT2.PON2.ONT17,3560,1509,4037,896
R1.S1.LT4.PON3.ONT14,827803,32930,50080,13358
R1.S1.LT5.PON4.ONT14,13348362,513380,695887,204274
R1.S1.LT6.PON5.ONT14,479848,19175,91007,10256
R1.S1.LT6.PON6.ONT17,169006,6554,13873,5310
R1.S1.LT2.PON1.ONT15,3476,1286,4423,317
R1.S1.LT2.PON2.ONT14,2445,341,5137,1399
R1.S1.LT4.PON3.ONT15,662590,23788,33013,15822
R1.S1.LT5.PON4.ONT15,8792,2008,32871,14534
R1.S1.LT6.PON5.ONT15,4764001,159861,190878,90987
R1.S1.LT6.PON6.ONT14,2250722,82922,143319,47375
R1.S1.LT2.PON2.ONT15,2556,334,5386,1371
R1.S1.LT2.PON4.ONT10,74117,4278,12189,2811
R1.S1.LT3.PON8.ONT15,2882436,108342,224211,63805
R1.S1.LT4.PON1.ONT15,22964424,907033,1121968,414981
R1.S1.LT4.PON2.ONT14,2156,1463,1237,334
R1.S1.LT2.PON1.ONT18,3116399,115688,162682,64403
R1.S1.LT2.PON4.ONT11,245,120,1454,323
R1.S1.LT4.PON2.ONT15,221,88,1151,268
R1.S1.LT4.PON3.ONT18,5777213,271374,869050,167198
R1.S1.LT5.PON4.ONT18,352,189,1176,373
R1.S1.LT2.PON1.ONT19,1498,1111,10,9
R1.S1.LT2.PON2.ONT18,3586848,165429,2241287,146808
R1.S1.LT4.PON3.ONT19,5260257,185476,488755,99420
R1.S1.LT5.PON4.ONT19,1588463,64829,122288,28317
R1.S1.LT6.PON5.ONT19,7631294,372212,375330,172177
R1.S1.LT6.PON6.ONT18,2000111,72947,89019,34948
R1.S1.LT2.PON1.ONT16,10080333,334138,363641,175391
R1.S1.LT4.PON3.ONT16,4093053,168687,965612,71284
R1.S1.LT5.PON4.ONT16,229,103,1260,434
R1.S1.LT3.PON7.ONT16,1319137,52372,205923,30248
R1.S1.LT3.PON8.ONT19,205,85,1319,451
R1.S1.LT4.PON1.ONT19,18360822,738221,688361,278998
R1.S1.LT4.PON2.ONT18,21091285,863478,5103684,483797
R1.S1.LT6.PON7.ONT15,300643,21222,238923,15597
R1.S1.LT6.PON8.ONT14,8373358,313592,305044,112222
R1.S1.LT3.PON7.ONT17,9698764,386695,1270916,196719
R1.S1.LT3.PON8.ONT16,372044,42690,251577,42213
R1.S1.LT4.PON2.ONT19,3590081,129484,166640,59224
R1.S1.LT2.PON4.ONT12,23776,1855,7393,2197
R1.S1.LT3.PON7.ONT14,8685,3746,327,165
R1.S1.LT3.PON8.ONT17,240,102,1407,463
R1.S1.LT4.PON1.ONT17,2886528,99739,63339,29505
R1.S1.LT4.PON2.ONT16,5511763,198060,160370,65510
R1.S1.LT2.PON4.ONT13,4616860,160901,180189,82347
R1.S1.LT3.PON7.ONT15,15638,3995,5908,1766
R1.S1.LT3.PON8.ONT14,74,50,314,117
R1.S1.LT4.PON2.ONT17,3650825,130426,165185,68317
R1.S1.LT5.PON4.ONT13,13224,1443,6668,1825
R1.S1.LT2.PON1.ONT13,3480,1378,3728,244
R1.S1.LT2.PON2.ONT12,3243,781,6443,1757
R1.S1.LT4.PON3.ONT13,795510,30605,33117,11718
R1.S1.LT6.PON5.ONT13,4144758,158287,262986,94963
R1.S1.LT6.PON6.ONT12,0,0,0,0
R1.S1.LT6.PON7.ONT19,3510476,129501,186353,52931
R1.S1.LT6.PON8.ONT18,1708,202,3892,979
R1.S1.LT6.PON9.ONT17,4419613,150637,95783,54014
R1.S1.LT7.PON9.ONT14,2637,742,4441,614
R1.S1.LT2.PON2.ONT13,5290622,275719,4016525,263611
R1.S1.LT4.PON3.ONT10,26446751,923225,978663,396782
R1.S1.LT5.PON4.ONT10,381,189,1160,373
R1.S1.LT6.PON5.ONT10,12049094,425092,363934,162733
R1.S1.LT6.PON6.ONT13,8740,2008,6529,2170
R1.S1.LT6.PON7.ONT16,88,60,318,87
R1.S1.LT6.PON8.ONT19,8176556,354190,1136915,178215
R1.S1.LT7.PON9.ONT15,277,171,337,140
R1.S1.LT5.PON4.ONT11,713147,29014,38718,8666
R1.S1.LT2.PON1.ONT11,18506074,635575,442937,202331
R1.S1.LT2.PON2.ONT10,4775074,182472,381273,164836
R1.S1.LT3.PON7.ONT18,3861,2143,310,152
R1.S1.LT4.PON3.ONT11,3475005,150780,993573,105903
R1.S1.LT6.PON5.ONT11,10124743,333569,206051,83860
R1.S1.LT6.PON6.ONT10,538094,24998,58096,16340
R1.S1.LT6.PON7.ONT17,4792959,162049,100308,45250
R1.S1.LT6.PON8.ONT16,2402597,113672,373858,91250
R1.S1.LT6.PON9.ONT15,2101,426,4215,1204
R1.S1.LT3.PON7.ONT19,9423,3596,4288,1196
R1.S1.LT3.PON8.ONT18,11351695,632735,7750130,494637
R1.S1.LT4.PON1.ONT18,774717,29783,38772,8687
R1.S1.LT6.PON6.ONT11,13257215,454664,530665,238424
R1.S1.LT6.PON7.ONT14,1914511,68198,250504,44680
R1.S1.LT6.PON8.ONT17,8880435,326146,291600,126505
R1.S1.LT2.PON13.ONT27,26704960,1011725,1095863,419113
R1.S1.LT7.PON11.ONT26,0,0,0,0
R1.S1.LT2.PON13.ONT28,5497926,244562,202113,71107
R1.S1.LT2.PON13.ONT26,1599,195,3640,860
R1.S1.LT2.PON14.ONT29,5767304,216004,235909,112151
R1.S1.LT2.PON14.ONT22,2567,275,5056,1180
R1.S1.LT5.PON16.ONT27,2226204,84260,140681,50879
R1.S1.LT5.PON16.ONT28,1098857,38043,47726,22104
R1.S1.LT2.PON13.ONT29,4398163,178036,119826,21087
R1.S1.LT2.PON14.ONT20,13167285,479500,622391,228184
R1.S1.LT5.PON16.ONT25,30821,3416,16800,4520
R1.S1.LT7.PON11.ONT28,6037520,242664,1541495,171663
R1.S1.LT8.PON15.ONT17,4600056,262975,1296675,124486
R1.S1.LT2.PON13.ONT20,2038,249,4274,1039
R1.S1.LT8.PON15.ONT14,2101,434,3697,866
R1.S1.LT2.PON14.ONT24,245155,11662,22568,7189
R1.S1.LT5.PON16.ONT29,3056525,112287,215681,57331
R1.S1.LT7.PON10.ONT29,15266,1189,6883,1121
R1.S1.LT2.PON14.ONT21,2030,236,4263,998
R1.S1.LT7.PON11.ONT29,7657780,302423,2255393,184432
R1.S1.LT6.PON10.ONT22,3193820,173685,421299,108779
R1.S1.LT6.PON11.ONT21,13610,2079,32982,9228
R1.S1.LT7.PON11.ONT22,783822,355735,9361047,506475
R1.S1.LT2.PON13.ONT24,11064389,400883,352723,170940
R1.S1.LT5.PON16.ONT20,70811779,2534255,2590075,1134376
R1.S1.LT8.PON15.ONT18,186,79,1275,426
R1.S1.LT2.PON13.ONT21,2638816,91075,58790,25784
R1.S1.LT6.PON10.ONT20,17411497,640533,494881,126204
R1.S1.LT7.PON11.ONT20,1421295,52218,57066,18758
R1.S1.LT2.PON13.ONT22,18739710,671027,809252,315695
R1.S1.LT6.PON11.ONT20,210068,9024,27302,9626
R1.S1.LT2.PON14.ONT26,200355,15005,102738,14324
R1.S1.LT2.PON14.ONT27,2321,295,4872,1081
R1.S1.LT2.PON14.ONT28,14626511,519701,754143,363679
R1.S1.LT2.PON14.ONT25,1554202,72377,327297,45190
R1.S1.LT3.PON7.ONT41,9912,3875,5762,1573
R1.S1.LT5.PON16.ONT1,42125,2570,13006,3357
R1.S1.LT6.PON12.ONT2,1223350,50917,77346,23271
R1.S1.LT3.PON7.ONT42,3280,1746,1403,445
R1.S1.LT3.PON8.ONT41,1011206,37244,34095,12885
R1.S1.LT5.PON16.ONT2,18907903,834347,3690465,440687
R1.S1.LT6.PON8.ONT40,1530967,63408,323695,43531
R1.S1.LT3.PON8.ONT42,720789,29510,73988,20752
R1.S1.LT6.PON10.ONT2,634201,23877,35486,9210
R1.S1.LT6.PON11.ONT1,869019,37955,98350,16508
R1.S1.LT7.PON9.ONT49,1482792,266622,6248246,287674
R1.S1.LT7.PON11.ONT2,2605499,87539,66396,26202
R1.S1.LT3.PON7.ONT40,7598953,305155,166765,40454
R1.S1.LT6.PON5.ONT45,240539,11139,34545,8663
R1.S1.LT6.PON9.ONT49,2842732,108807,92687,31657
R1.S1.LT6.PON11.ONT2,996589,39627,40831,20345
R1.S1.LT3.PON7.ONT45,2083536,78123,75418,30991
R1.S1.LT6.PON7.ONT44,3341367,122832,138089,52038
R1.S1.LT6.PON8.ONT43,6939401,248426,289545,118892
R1.S1.LT6.PON9.ONT42,2928,285,5478,1216
R1.S1.LT3.PON7.ONT46,7578,3359,1567,520
R1.S1.LT4.PON12.ONT1,9010090,349122,116182,44583
R1.S1.LT6.PON7.ONT41,1025747,71926,184836,44509
R1.S1.LT6.PON8.ONT44,12734669,443034,326295,146818
R1.S1.LT7.PON9.ONT40,10068727,364561,420564,172722
R1.S1.LT3.PON7.ONT43,3025943,112639,83630,31655
R1.S1.LT4.PON12.ONT2,1866306,72002,85711,30969
R1.S1.LT4.PON13.ONT1,223,75,1065,185
R1.S1.LT6.PON8.ONT41,279,84,785,273
R1.S1.LT6.PON9.ONT40,1316557,50507,74945,28763
R1.S1.LT7.PON12.ONT1,2235,261,4464,894
R1.S1.LT3.PON7.ONT44,6725,3393,1124,384
R1.S1.LT3.PON8.ONT43,4780,1207,18121,7873
R1.S1.LT4.PON13.ONT2,207,71,934,112
R1.S1.LT6.PON8.ONT42,3179006,118965,121840,35979
R1.S1.LT6.PON12.ONT1,1547417,63267,105805,28214
R1.S1.LT7.PON12.ONT2,4399107,160467,149071,56762
R1.S1.LT6.PON9.ONT46,2019,1366,1218,398
R1.S1.LT7.PON9.ONT43,2492744,86574,149946,63105
R1.S1.LT8.PON15.ONT28,4150,906,7398,1819
R1.S1.LT6.PON7.ONT45,10923016,398524,466909,126956
R1.S1.LT6.PON9.ONT43,24914789,873952,594605,279918
R1.S1.LT7.PON9.ONT44,6995085,283281,163334,45778
R1.S1.LT8.PON15.ONT25,4469885,156967,171091,80003
R1.S1.LT6.PON8.ONT45,3448673,130017,151672,54356
R1.S1.LT6.PON9.ONT44,4226396,160447,201579,85614
R1.S1.LT7.PON9.ONT41,653877,34736,119645,25078
R1.S1.LT8.PON15.ONT26,5042805,184362,245124,86771
R1.S1.LT6.PON7.ONT43,5838165,192383,234877,107666
R1.S1.LT6.PON8.ONT46,48369365,1845206,3002532,1077885
R1.S1.LT6.PON9.ONT41,2024910,85742,96810,27489
R1.S1.LT7.PON9.ONT42,12180766,457058,607683,187282
R1.S1.LT8.PON15.ONT29,224,106,1406,486
R1.S1.LT7.PON9.ONT45,15250,1844,10489,2354
R1.S1.LT6.PON9.ONT45,13407345,521471,380107,185379
R1.S1.LT8.PON15.ONT27,210,104,1328,447
R1.S1.LT6.PON6.ONT49,531,249,1680,658
R1.S1.LT6.PON11.ONT3,8399572,306991,378428,134614
R1.S1.LT2.PON1.ONT47,4542655,202361,420171,136751
R1.S1.LT2.PON13.ONT6,25668386,901230,1329765,510084
R1.S1.LT2.PON14.ONT9,1181228,52728,99971,32526
R1.S1.LT6.PON5.ONT47,8461340,299830,316601,122953
R1.S1.LT6.PON11.ONT4,21257569,787574,844868,367510
R1.S1.LT7.PON15.ONT5,3470,589,4212,1455
R1.S1.LT2.PON1.ONT48,4335755,169072,200790,76577
R1.S1.LT2.PON13.ONT3,10940945,362654,471718,205520
R1.S1.LT6.PON5.ONT48,3398997,160027,244836,66638
R1.S1.LT6.PON6.ONT47,183,76,1392,447
R1.S1.LT2.PON13.ONT4,76,46,325,74
R1.S1.LT2.PON14.ONT7,4361,1336,6010,1521
R1.S1.LT2.PON16.ONT5,5664798,235260,936924,106156
R1.S1.LT7.PON15.ONT3,2251824,82195,76526,30105
R1.S1.LT4.PON12.ONT4,206,85,1205,332
R1.S1.LT2.PON13.ONT9,8164884,320387,1307084,203890
R1.S1.LT4.PON13.ONT3,4176334,150705,250655,69674
R1.S1.LT5.PON16.ONT5,8561460,317471,322457,139566
R1.S1.LT6.PON10.ONT8,630245,29071,49744,21302
R1.S1.LT6.PON11.ONT7,265,98,1064,241
R1.S1.LT6.PON12.ONT6,33443652,1181531,1257513,555427
R1.S1.LT7.PON11.ONT8,3716782,133904,107543,45525
R1.S1.LT7.PON12.ONT3,18612,1200,8784,2042
R1.S1.LT4.PON13.ONT4,4729432,160976,149484,86126
R1.S1.LT5.PON16.ONT6,316129,14825,39464,12579
R1.S1.LT6.PON10.ONT5,2988292,102096,93055,53233
R1.S1.LT6.PON11.ONT8,0,0,0,0
R1.S1.LT6.PON12.ONT3,153,62,1413,300
R1.S1.LT7.PON11.ONT5,1397319,56354,67858,21901
R1.S1.LT7.PON12.ONT4,48466,5364,36615,6814
R1.S1.LT2.PON13.ONT7,28968815,1015753,1361525,610219
R1.S1.LT6.PON10.ONT6,6813839,241103,297432,134560
R1.S1.LT6.PON11.ONT5,85,60,0,0
R1.S1.LT6.PON12.ONT4,1538819,72517,105237,38596
R1.S1.LT7.PON10.ONT3,980042,82492,1806775,80053
R1.S1.LT7.PON11.ONT6,34271031,1312034,5752421,682900
R1.S1.LT2.PON13.ONT8,2318020,88031,70065,25342
R1.S1.LT5.PON16.ONT4,1765,350,4271,1306
R1.S1.LT6.PON5.ONT49,0,0,0,0
R1.S1.LT6.PON10.ONT3,2740522,117697,871630,98351
R1.S1.LT6.PON11.ONT6,973553,37209,51607,21304
R1.S1.LT7.PON10.ONT4,2120861,84855,112035,38066
R1.S1.LT7.PON11.ONT3,2998218,117423,268901,72014
R1.S1.LT7.PON12.ONT7,8620536,327496,458472,143189
R1.S1.LT3.PON7.ONT49,0,0,0,0
R1.S1.LT2.PON1.ONT42,1699,1180,1128,374
R1.S1.LT6.PON6.ONT41,7988576,304384,309853,97930
R1.S1.LT2.PON16.ONT2,10585252,378491,665813,193245
R1.S1.LT4.PON12.ONT8,272,104,1083,312
R1.S1.LT4.PON13.ONT7,4829,1183,18160,7655
R1.S1.LT5.PON16.ONT9,1734208,68606,89677,38701
R1.S1.LT7.PON10.ONT9,7546,2492,75727,4811
R1.S1.LT6.PON5.ONT42,1074,162,3172,820
R1.S1.LT6.PON7.ONT48,2111,253,4383,1021
R1.S1.LT4.PON12.ONT5,24238,5055,19744,4696
R1.S1.LT6.PON6.ONT42,1058826,41024,52109,16123
R1.S1.LT6.PON8.ONT48,12876897,440893,204417,77731
R1.S1.LT6.PON10.ONT9,5256225,225517,1449861,169484
R1.S1.LT6.PON12.ONT7,8235077,324093,410571,166276
R1.S1.LT7.PON12.ONT8,3398846,118587,133768,58817
R1.S1.LT4.PON12.ONT6,3284317,137791,251687,96143
R1.S1.LT2.PON1.ONT40,98578,5128,10241,2630
R1.S1.LT3.PON7.ONT47,4107,2162,994,327
R1.S1.LT4.PON13.ONT5,69243,14956,92980,24044
R1.S1.LT5.PON16.ONT7,2721,271,5166,1167
R1.S1.LT6.PON11.ONT9,6570520,262641,345506,119004
R1.S1.LT6.PON12.ONT8,0,0,0,0
R1.S1.LT7.PON10.ONT7,3660,631,5860,567
R1.S1.LT7.PON12.ONT5,1871818,67393,85200,33717
R1.S1.LT3.PON7.ONT48,14778,6054,7336,3500
R1.S1.LT4.PON12.ONT3,2960678,111524,487237,69955
R1.S1.LT4.PON13.ONT6,98891,9190,34868,8621
R1.S1.LT5.PON16.ONT8,10008001,392234,816279,205706
R1.S1.LT6.PON6.ONT40,1333205,48098,59544,26690
R1.S1.LT6.PON10.ONT7,3490651,150029,277809,130286
R1.S1.LT6.PON12.ONT5,186,71,1304,282
R1.S1.LT7.PON12.ONT6,3761900,164978,433855,72800
R1.S1.LT2.PON13.ONT1,2097,217,4204,906
R1.S1.LT3.PON8.ONT40,11785518,415391,319187,137177
R1.S1.LT6.PON5.ONT46,2564,256,5038,1245
R1.S1.LT7.PON9.ONT47,233391,12808,44129,8732
R1.S1.LT2.PON1.ONT43,5727523,232558,179413,69233
R1.S1.LT4.PON12.ONT9,628794,175494,5724606,285307
R1.S1.LT6.PON5.ONT43,4619808,169898,136000,51257
R1.S1.LT6.PON6.ONT46,528089,22678,57213,16090
R1.S1.LT6.PON7.ONT49,2258,250,5130,1348
R1.S1.LT6.PON9.ONT47,366,166,2123,800
R1.S1.LT7.PON9.ONT48,631,319,1784,684
R1.S1.LT7.PON15.ONT1,27748,3028,21045,3072
R1.S1.LT6.PON5.ONT44,5944900,218265,346786,139459
R1.S1.LT6.PON9.ONT48,4283863,163285,192554,72964
R1.S1.LT7.PON12.ONT9,2756,307,5526,1078
R1.S1.LT7.PON15.ONT2,195,71,1206,200
R1.S1.LT2.PON1.ONT41,14704,2211,8591,2110
R1.S1.LT2.PON16.ONT1,271,101,1385,352
R1.S1.LT4.PON12.ONT7,192,75,1180,314
R1.S1.LT6.PON5.ONT41,2185,229,4411,1045
R1.S1.LT6.PON12.ONT9,0,0,0,0
R1.S1.LT3.PON7.ONT52,2461530,93915,96172,43178
R1.S1.LT6.PON8.ONT50,0,0,0,0
R1.S1.LT3.PON7.ONT53,11814,4393,16932,7376
R1.S1.LT6.PON8.ONT51,1858578,115810,1435200,154327
R1.S1.LT3.PON7.ONT50,994845,43159,60594,14993
R1.S1.LT2.PON1.ONT56,4350780,193970,215248,80751
R1.S1.LT3.PON7.ONT51,3159,1708,1277,392
R1.S1.LT6.PON5.ONT56,4774302,174362,111782,35237
R1.S1.LT6.PON7.ONT55,4333183,147412,41492,20435
R1.S1.LT6.PON8.ONT54,231,88,1020,345
R1.S1.LT6.PON9.ONT53,111505,5859,24284,4472
R1.S1.LT7.PON9.ONT50,0,0,0,0
R1.S1.LT6.PON7.ONT52,2217794,80774,89639,33689
R1.S1.LT6.PON8.ONT55,11457,1065,4864,1514
R1.S1.LT6.PON9.ONT50,5628358,201477,220790,97185
R1.S1.LT7.PON9.ONT51,4471755,177640,160860,54610
R1.S1.LT3.PON7.ONT54,5464088,206623,198520,63790
R1.S1.LT6.PON7.ONT53,172273,10910,62057,10840
R1.S1.LT6.PON8.ONT52,6308182,224908,272120,123257
R1.S1.LT6.PON9.ONT51,196,100,1488,465
R1.S1.LT6.PON7.ONT50,36027187,1260686,1894935,808869
R1.S1.LT6.PON8.ONT53,5269590,279536,4393602,229444
R1.S1.LT7.PON9.ONT54,466,236,1090,342
R1.S1.LT8.PON15.ONT39,9108659,354425,135316,40871
R1.S1.LT6.PON7.ONT56,79,54,314,156
R1.S1.LT6.PON9.ONT54,277995,13671,98599,10100
R1.S1.LT8.PON15.ONT36,951,156,2755,701
R1.S1.LT6.PON7.ONT57,317,158,1363,492
R1.S1.LT6.PON8.ONT56,1957,255,2413,776
R1.S1.LT7.PON9.ONT52,3298,606,5070,1339
R1.S1.LT6.PON7.ONT54,5762858,197925,176147,77108
R1.S1.LT6.PON8.ONT57,494,317,1347,433
R1.S1.LT6.PON9.ONT52,220,95,1315,436
R1.S1.LT7.PON9.ONT53,1334,859,1158,373
R1.S1.LT7.PON9.ONT56,518,281,1243,390
R1.S1.LT7.PON9.ONT57,731,384,840,255
R1.S1.LT8.PON15.ONT38,1952,1331,1400,463
R1.S1.LT8.PON15.ONT20,4710726,171119,165777,69471
R1.S1.LT6.PON5.ONT58,19292042,690213,441061,211833
R1.S1.LT6.PON5.ONT59,166,71,1466,480
R1.S1.LT6.PON6.ONT58,21654439,784624,499668,190289
R1.S1.LT6.PON6.ONT59,2005,1363,1200,391
R1.S1.LT8.PON15.ONT22,2954898,107814,196051,43290
R1.S1.LT2.PON1.ONT53,4049,1496,2794,983
R1.S1.LT6.PON5.ONT53,586829,22495,17325,5855
R1.S1.LT6.PON6.ONT52,679511,40397,130313,31880
R1.S1.LT6.PON7.ONT59,223,98,1037,364
R1.S1.LT6.PON8.ONT58,2392406,100614,518426,66509
R1.S1.LT2.PON1.ONT50,138570,7457,19488,5328
R1.S1.LT6.PON5.ONT50,4778309,175798,189259,68143
R1.S1.LT6.PON6.ONT53,55,39,0,0
R1.S1.LT6.PON8.ONT59,1652,290,2062,797
R1.S1.LT6.PON5.ONT51,15545119,572646,1065224,323308
R1.S1.LT6.PON6.ONT50,39740866,1463168,1095794,439935
R1.S1.LT6.PON6.ONT51,2676827,100334,162422,68170
R1.S1.LT8.PON15.ONT23,156,64,1191,404
R1.S1.LT6.PON5.ONT57,6937466,281462,731408,144809
R1.S1.LT6.PON6.ONT56,259,124,1319,465
R1.S1.LT7.PON9.ONT58,455,243,1317,447
R1.S1.LT2.PON1.ONT54,2130,1278,2354,885
R1.S1.LT6.PON5.ONT54,2817,367,6146,1586
R1.S1.LT6.PON6.ONT57,1925961,151281,313398,101207
R1.S1.LT7.PON9.ONT59,9946837,355706,419986,205152
R1.S1.LT2.PON1.ONT55,1602,1169,1581,489
R1.S1.LT6.PON5.ONT55,4604262,171604,130480,36612
R1.S1.LT6.PON6.ONT54,5728352,220487,336015,117389
R1.S1.LT2.PON1.ONT52,2110755,75676,49482,19532
R1.S1.LT6.PON5.ONT52,671222,24890,45344,15851
R1.S1.LT6.PON6.ONT55,6565069,238056,271444,126211
R1.S1.LT6.PON7.ONT62,2609,388,4757,1073
R1.S1.LT6.PON8.ONT61,332,182,1193,360
R1.S1.LT6.PON8.ONT62,4019153,146218,177082,75977
R1.S1.LT6.PON5.ONT60,690480,31415,55258,14153
R1.S1.LT6.PON7.ONT66,72757,3578,11183,3344
R1.S1.LT7.PON9.ONT61,41150508,1540037,4737299,917409
R1.S1.LT6.PON6.ONT60,297025,19007,119699,11814
R1.S1.LT6.PON7.ONT63,2423300,94690,431857,49670
R1.S1.LT7.PON9.ONT62,52337982,1868374,2154952,890660
R1.S1.LT6.PON7.ONT64,4789581,183814,240566,85568
R1.S1.LT6.PON8.ONT63,205,79,1155,383
R1.S1.LT6.PON7.ONT61,3255839,110834,80312,44574
R1.S1.LT6.PON8.ONT64,1834825,71378,134157,43256
R1.S1.LT8.PON15.ONT47,8979801,341086,609948,217186
R1.S1.LT8.PON15.ONT48,2116690,89591,210628,46431
R1.S1.LT8.PON15.ONT49,1410589,51305,37590,14934
R1.S1.LT8.PON15.ONT31,475594,21138,48018,13300
R1.S1.LT8.PON15.ONT35,1436891,56664,87823,26246
R1.S1.LT8.PON15.ONT33,2271083,84157,123120,49886
R1.S1.LT8.PON15.ONT30,0,0,0,0
R1.S1.LT6.PON5.ONT64,2300762,101744,292612,42104
R1.S1.LT6.PON5.ONT61,146,71,1524,502
R1.S1.LT6.PON5.ONT62,1830,223,3995,903
R1.S1.LT6.PON6.ONT61,3623132,140468,362950,87942
R1.S1.LT6.PON6.ONT62,7852,779,3903,1208
R1.S1.LT8.PON15.ONT34,351590,21031,317012,29688
R1.S1.LT6.PON5.ONT65,227,100,1308,432
R1.S1.LT6.PON5.ONT63,2785304,98993,102187,39824
R1.S1.LT8.PON15.ONT42,30166,6858,14528,4774
R1.S1.LT6.PON7.ONT60,1697,193,3765,984
R1.S1.LT8.PON15.ONT40,726665,27477,28983,10595
R1.S1.LT6.PON8.ONT60,216,100,1282,436
R1.S1.LT8.PON15.ONT46,26932977,946831,1091511,425820
R1.S1.LT8.PON15.ONT43,120,84,339,173
R1.S1.LT8.PON15.ONT44,875472,31912,21310,7346
R1.S1.LT7.PON9.ONT60,2242801,79513,105800,45715
R1.S1.LT8.PON15.ONT41,3831372,144409,123970,39628
R1.S1.LT8.PON15.ONT45,1154941,44791,186552,32326
R1.S1.LT8.PON15.ONT53,190,59,1222,404
R1.S1.LT8.PON15.ONT50,1881864,69285,97802,33698
R1.S1.LT8.PON15.ONT51,210,74,1147,360
R1.S1.LT8.PON15.ONT54,415,189,1985,741
R1.S1.LT8.PON15.ONT52,2000289,71490,145797,13596
R1.S1.LT2.PON13.ONT16,1375418,46984,60959,29533
R1.S1.LT6.PON10.ONT15,5758352,223861,856466,85269
R1.S1.LT6.PON11.ONT14,94002,3491,4668,1801
R1.S1.LT7.PON11.ONT15,66664928,2650471,9322042,1174539
R1.S1.LT2.PON13.ONT17,3869913,140469,170648,45903
R1.S1.LT6.PON11.ONT15,0,0,0,0
R1.S1.LT2.PON13.ONT14,2747075,115079,205684,48928
R1.S1.LT2.PON13.ONT15,5031879,183250,165120,66331
R1.S1.LT2.PON14.ONT18,3969,1297,5079,1149
R1.S1.LT4.PON12.ONT15,34931,2487,11603,3030
R1.S1.LT6.PON10.ONT19,315,155,1187,311
R1.S1.LT6.PON11.ONT18,170,67,1362,373
R1.S1.LT7.PON10.ONT16,2518,389,3972,373
R1.S1.LT7.PON11.ONT19,9883772,383510,336787,99226
R1.S1.LT7.PON12.ONT14,5057396,188914,323297,73434
R1.S1.LT6.PON10.ONT16,7308280,262355,333150,72718
R1.S1.LT6.PON11.ONT19,216,100,1210,353
R1.S1.LT7.PON10.ONT17,110,75,308,78
R1.S1.LT7.PON11.ONT16,3666720,145502,205697,89096
R1.S1.LT5.PON16.ONT14,2306,330,5190,1402
R1.S1.LT6.PON10.ONT17,255,99,1011,295
R1.S1.LT6.PON11.ONT16,8334025,301258,394474,133027
R1.S1.LT7.PON10.ONT14,2546984,116938,140159,51704
R1.S1.LT7.PON11.ONT17,269,114,1330,463
R1.S1.LT2.PON13.ONT19,12963196,552745,1964413,227511
R1.S1.LT5.PON16.ONT15,2140447,79105,58004,17934
R1.S1.LT6.PON10.ONT14,1324,190,3086,709
R1.S1.LT6.PON11.ONT17,751981,26795,27104,7929
R1.S1.LT7.PON10.ONT15,505913,21055,24055,9879
R1.S1.LT7.PON11.ONT14,5940014,217878,237263,102189
R1.S1.LT4.PON12.ONT19,304315,11103,11900,4565
R1.S1.LT7.PON12.ONT18,158,72,1210,322
R1.S1.LT2.PON14.ONT12,0,0,0,0
R1.S1.LT4.PON12.ONT16,213,83,1178,316
R1.S1.LT7.PON12.ONT19,5797839,202029,193113,94904
R1.S1.LT2.PON14.ONT13,5178664,182952,145611,71245
R1.S1.LT4.PON12.ONT17,1101642,44176,77277,25820
R1.S1.LT5.PON16.ONT18,4794883,174408,210444,92904
R1.S1.LT7.PON10.ONT18,1014164,91049,1810175,91081
R1.S1.LT7.PON12.ONT16,1612,412,4981,1981
R1.S1.LT2.PON14.ONT10,4336894,167705,125089,56514
R1.S1.LT4.PON12.ONT14,3636782,130004,107562,48236
R1.S1.LT5.PON16.ONT19,1521825,59011,84288,26419
R1.S1.LT6.PON10.ONT18,242,105,1445,409
R1.S1.LT7.PON10.ONT19,1306986,51686,1016410,61362
R1.S1.LT7.PON11.ONT18,236,92,1046,332
R1.S1.LT7.PON12.ONT17,2507,372,4638,1016
R1.S1.LT6.PON10.ONT11,92,63,311,115
R1.S1.LT6.PON11.ONT10,172,69,1215,325
R1.S1.LT7.PON11.ONT11,1989,285,4758,1287
R1.S1.LT6.PON11.ONT11,23781792,811508,346231,153930
R1.S1.LT2.PON13.ONT11,4132258,147080,141476,53350
R1.S1.LT4.PON12.ONT18,226,92,1074,297
R1.S1.LT2.PON14.ONT15,1875696,71988,78542,20055
R1.S1.LT2.PON14.ONT16,1952,1248,2108,786
R1.S1.LT2.PON14.ONT17,45716140,1684309,1668003,545045
R1.S1.LT2.PON14.ONT14,4340780,151856,157618,62636
R1.S1.LT4.PON12.ONT11,179,81,1360,391
R1.S1.LT5.PON16.ONT12,1285,315,2241,545
R1.S1.LT7.PON12.ONT10,651948,31074,73301,20555
R1.S1.LT5.PON16.ONT13,14356200,598692,1731406,404030
R1.S1.LT6.PON12.ONT10,157,72,1447,321
R1.S1.LT7.PON11.ONT12,3072,613,4871,1059
R1.S1.LT7.PON12.ONT11,1229,169,2544,514
R1.S1.LT5.PON16.ONT10,67757734,2534867,3452124,1371879
R1.S1.LT6.PON10.ONT13,5059559,184875,147693,75167
R1.S1.LT6.PON11.ONT12,2729,405,3360,952
R1.S1.LT6.PON12.ONT11,246,92,1489,372
R1.S1.LT5.PON16.ONT11,8346937,286201,273261,119820
R1.S1.LT6.PON10.ONT10,3153966,121206,79016,24913
R1.S1.LT6.PON11.ONT13,6296820,220569,421166,129264
R1.S1.LT7.PON11.ONT10,831846,34714,63785,26977
R1.S1.LT4.PON12.ONT12,788420,33734,85091,23879
R1.S1.LT4.PON12.ONT13,550,125,2183,735
R1.S1.LT4.PON12.ONT10,175,70,1256,349
R1.S1.LT6.PON12.ONT12,10831902,417745,462379,148007
R1.S1.LT7.PON12.ONT13,192,68,1221,332
R1.S1.LT2.PON13.ONT38,4033,912,10529,2798
R1.S1.LT7.PON11.ONT37,1906559,68768,96696,38557
R1.S1.LT2.PON13.ONT36,29583,2685,20250,3717
R1.S1.LT2.PON13.ONT37,1975,218,4251,962
R1.S1.LT2.PON14.ONT33,1641,1095,1171,379
R1.S1.LT5.PON16.ONT38,43114365,1466183,1255559,704437
R1.S1.LT7.PON10.ONT38,271994,13109,39023,10923
R1.S1.LT2.PON14.ONT30,18972,4743,44824,13690
R1.S1.LT5.PON16.ONT39,42042,3442,19496,4365
R1.S1.LT7.PON10.ONT39,3897490,139222,415570,85799
R1.S1.LT7.PON11.ONT38,2685,468,5013,1408
R1.S1.LT2.PON14.ONT31,8564507,329715,1635710,221487
R1.S1.LT5.PON16.ONT36,846,128,2735,741
R1.S1.LT7.PON10.ONT36,5667846,197283,233837,100165
R1.S1.LT7.PON11.ONT39,1397,162,3648,860
R1.S1.LT5.PON16.ONT37,8250814,401843,1220673,197469
R1.S1.LT7.PON11.ONT36,356789,38689,95478,22253
R1.S1.LT2.PON13.ONT30,3399791,143282,211459,64233
R1.S1.LT2.PON14.ONT35,1860,1197,2068,786
R1.S1.LT2.PON14.ONT32,8789494,314207,385811,171985
R1.S1.LT2.PON13.ONT34,5034527,186592,179204,68599
R1.S1.LT5.PON16.ONT30,1076,155,3111,892
R1.S1.LT7.PON10.ONT30,8918077,303740,57879,31660
R1.S1.LT2.PON13.ONT35,210,81,1076,358
R1.S1.LT5.PON16.ONT31,3207,597,4286,1532
R1.S1.LT7.PON10.ONT31,1844902,76217,164867,50702
R1.S1.LT7.PON11.ONT30,8729594,519474,8297024,401816
R1.S1.LT2.PON13.ONT32,49907810,1736720,1351238,659472
R1.S1.LT7.PON11.ONT31,328,187,1352,403
R1.S1.LT2.PON13.ONT33,270,106,1524,506
R1.S1.LT4.PON12.ONT22,0,0,0,0
R1.S1.LT7.PON10.ONT23,2465848,384320,8388407,438424
R1.S1.LT7.PON12.ONT21,66834,3406,9369,2358
R1.S1.LT5.PON16.ONT24,6448,1058,10552,2276
R1.S1.LT6.PON10.ONT23,13293708,448890,433494,242653
R1.S1.LT7.PON11.ONT23,137912,13538,41237,12803
R1.S1.LT7.PON12.ONT22,462,183,2241,724
R1.S1.LT4.PON12.ONT20,10192812,357573,449634,208508
R1.S1.LT5.PON16.ONT21,3264,556,5218,1075
R1.S1.LT7.PON10.ONT21,1688043,124965,1323113,96771
R1.S1.LT7.PON11.ONT24,19148925,728878,591754,210202
R1.S1.LT5.PON16.ONT22,428,225,1499,494
R1.S1.LT6.PON10.ONT21,202139,8107,18445,4388
R1.S1.LT7.PON10.ONT22,0,0,0,0
R1.S1.LT7.PON11.ONT21,1969262,69748,49145,22701
R1.S1.LT7.PON12.ONT20,265,97,1563,450
R1.S1.LT8.PON15.ONT13,2059,249,4545,999
R1.S1.LT8.PON15.ONT10,315,155,985,330
R1.S1.LT7.PON12.ONT23,146,51,1433,390
R1.S1.LT8.PON15.ONT11,3930660,165930,258312,80792
R1.S1.LT4.PON12.ONT21,4565,1115,17379,7466
R1.S1.LT2.PON14.ONT37,1912,1352,324,124
R1.S1.LT8.PON15.ONT12,1339,162,3461,776
R1.S1.LT2.PON14.ONT38,476793,19156,30771,12925
R1.S1.LT2.PON14.ONT39,444235,17373,21692,8188
R1.S1.LT2.PON14.ONT36,4172,1318,5481,1212
R1.S1.LT2.PON14.ONT40,163,76,1394,455
R1.S1.LT7.PON11.ONT48,200,96,1157,383
R1.S1.LT2.PON13.ONT47,1848324,67405,115252,48987
R1.S1.LT2.PON13.ONT48,4979994,168541,74928,40953
R1.S1.LT2.PON14.ONT44,1846835,74292,74247,19233
R1.S1.LT5.PON16.ONT49,14139713,610553,1709405,240618
R1.S1.LT7.PON10.ONT49,2144,244,4422,1061
R1.S1.LT2.PON14.ONT41,5324023,190813,363008,97547
R1.S1.LT7.PON11.ONT49,594,120,2063,730
R1.S1.LT2.PON14.ONT42,2048,1150,2138,787
R1.S1.LT5.PON16.ONT47,8355940,422209,2600296,243550
R1.S1.LT7.PON10.ONT47,13280322,483829,515023,215878
R1.S1.LT5.PON16.ONT48,8112468,456181,1267570,251411
R1.S1.LT7.PON10.ONT48,26331022,1082804,1288002,551919
R1.S1.LT2.PON13.ONT41,928382,42981,138304,24063
R1.S1.LT7.PON11.ONT40,103,71,324,160
R1.S1.LT2.PON14.ONT45,1762904,75761,178267,26542
R1.S1.LT2.PON13.ONT40,1345,275,5110,2043
R1.S1.LT2.PON14.ONT43,6933063,250292,292526,106204
R1.S1.LT7.PON10.ONT41,213,75,994,305
R1.S1.LT7.PON11.ONT44,252,103,1079,348
R1.S1.LT2.PON13.ONT46,2351223,81996,64073,23399
R1.S1.LT5.PON16.ONT42,4202403,222638,1587672,150285
R1.S1.LT7.PON11.ONT41,683738,40020,75178,25983
R1.S1.LT2.PON13.ONT43,7326856,267801,432852,188909
R1.S1.LT7.PON11.ONT42,2026,1349,1384,459
R1.S1.LT2.PON13.ONT44,2713,324,6636,2147
R1.S1.LT5.PON16.ONT40,5778,655,6849,1721
R1.S1.LT7.PON10.ONT40,7243721,338353,2043612,177642
R1.S1.LT5.PON16.ONT34,56638,4977,25093,5450
R1.S1.LT7.PON10.ONT34,3452,416,7520,427
R1.S1.LT5.PON16.ONT35,16711,1468,11901,2977
R1.S1.LT7.PON10.ONT35,0,0,0,0
R1.S1.LT7.PON11.ONT34,14932,4303,114172,6559
R1.S1.LT5.PON16.ONT32,143661,10149,37982,9195
R1.S1.LT7.PON10.ONT32,14177693,519247,936561,353294
R1.S1.LT7.PON11.ONT35,1857,443,2876,945
R1.S1.LT5.PON16.ONT33,88,60,327,165
R1.S1.LT7.PON10.ONT33,1105395,43302,57589,16310
R1.S1.LT7.PON11.ONT32,465500,149239,4750021,204260
R1.S1.LT7.PON11.ONT59,157,72,1388,456
R1.S1.LT5.PON16.ONT58,198,72,1134,370
R1.S1.LT7.PON10.ONT58,158,80,1422,433
R1.S1.LT5.PON16.ONT59,9233,917,4721,1431
R1.S1.LT7.PON10.ONT59,342203,13658,18304,5209
R1.S1.LT7.PON11.ONT58,6231610,243571,223399,85644
R1.S1.LT2.PON13.ONT52,468,219,2008,774
R1.S1.LT7.PON11.ONT51,4962013,176323,204023,94808
R1.S1.LT2.PON13.ONT53,136801,8370,134764,10242
R1.S1.LT2.PON13.ONT50,26891042,1182432,2820488,670494
R1.S1.LT2.PON13.ONT51,6974520,249072,168349,59937
R1.S1.LT2.PON13.ONT56,1876877,68343,92221,33779
R1.S1.LT5.PON16.ONT52,2540837,90823,56805,24781
R1.S1.LT7.PON10.ONT52,2799548,122237,212966,54536
R1.S1.LT7.PON11.ONT55,0,0,0,0
R1.S1.LT5.PON16.ONT53,2417521,89835,80262,27739
R1.S1.LT7.PON10.ONT53,115504,5633,15497,4692
R1.S1.LT7.PON11.ONT52,315659,17213,253739,18330
R1.S1.LT2.PON13.ONT54,735,211,2652,1060
R1.S1.LT7.PON10.ONT50,6169299,246627,370296,69529
R1.S1.LT7.PON11.ONT53,231,103,1150,368
R1.S1.LT2.PON13.ONT55,20338,2214,7365,3037
R1.S1.LT5.PON16.ONT51,222,104,1403,464
R1.S1.LT7.PON10.ONT51,11628,1117,17040,1895
R1.S1.LT7.PON11.ONT50,379,169,1792,707
R1.S1.LT5.PON16.ONT45,1157560,45361,65563,16468
R1.S1.LT7.PON10.ONT45,414840,18963,48852,9081
R1.S1.LT5.PON16.ONT46,216,100,1373,474
R1.S1.LT7.PON10.ONT46,6118,559,7059,1651
R1.S1.LT7.PON11.ONT45,2916245,109221,123109,45821
R1.S1.LT5.PON16.ONT43,6398408,228378,260865,119062
R1.S1.LT7.PON10.ONT43,2069,252,4101,915
R1.S1.LT7.PON11.ONT46,4194404,166398,327785,119199
R1.S1.LT5.PON16.ONT44,3085569,105931,71927,37699
R1.S1.LT7.PON10.ONT44,2207,233,4489,1083
R1.S1.LT7.PON11.ONT43,425,241,1177,381
R1.S1.LT7.PON11.ONT62,1732926,60716,63017,31273
R1.S1.LT5.PON16.ONT64,4340,1048,16017,6936
R1.S1.LT5.PON16.ONT61,263,100,951,310
R1.S1.LT7.PON10.ONT61,175,70,1247,395
R1.S1.LT7.PON11.ONT61,51858079,1835953,499793,240598
R1.S1.LT5.PON16.ONT56,2742868,96342,70173,27196
R1.S1.LT7.PON10.ONT56,0,0,0,0
R1.S1.LT5.PON16.ONT57,4059300,169891,266240,91532
R1.S1.LT7.PON11.ONT56,2977779,106324,131700,60069
R1.S1.LT5.PON16.ONT54,62,41,302,147
R1.S1.LT7.PON10.ONT54,1456,308,4233,1676
R1.S1.LT7.PON11.ONT57,309442,11565,10494,3284
R1.S1.LT5.PON16.ONT55,248,85,1245,427
R1.S1.LT7.PON10.ONT55,38021355,1330083,735186,331393
R1.S1.LT7.PON11.ONT54,35317,2878,13110,3336
R1.S1.LT5.PON16.ONT60,9799879,399304,3026994,306590
R1.S1.LT7.PON10.ONT60,364,204,1288,421
R1.S1.LT7.PON11.ONT60,1453009,52150,71070,30768
